[
	{
		"constant": true,
		"inputs": [],
		"name": "name",
		"outputs": [
			{
				"name": "",
				"type": "string"
			}
		],
		"payable": false,
		"stateMutability": "view",
		"type": "function"
	},
	{
		"constant": true,
		"inputs": [],
		"name": "totalSupply",
		"outputs": [
			{
				"name": "",
				"type": "uint256"
			}
		],
		"payable": false,
		"stateMutability": "view",
		"type": "function"
	},
	{
		"constant": false,
		"inputs": [
			{
				"name": "_from",
				"type": "address"
			},
			{
				"name": "_to",
				"type": "address"
			},
			{
				"name": "_value",
				"type": "uint256"
			}
		],
		"name": "transferFrom",
		"outputs": [],
		"payable": false,
		"stateMutability": "nonpayable",
		"type": "function"
	},
	{
		"constant": false,
		"inputs": [
			{
				"name": "_to",
				"type": "address"
			},
			{
				"name": "_value",
				"type": "uint256"
			}
		],
		"name": "transferTo",
		"outputs": [],
		"payable": false,
		"stateMutability": "nonpayable",
		"type": "function"
	},
	{
		"constant": true,
		"inputs": [],
		"name": "decimals",
		"outputs": [
			{
				"name": "",
				"type": "uint8"
			}
		],
		"payable": false,
		"stateMutability": "view",
		"type": "function"
	},
	{
		"constant": true,
		"inputs": [
			{
				"name": "",
				"type": "address"
			}
		],
		"name": "balanceOf",
		"outputs": [
			{
				"name": "",
				"type": "uint256"
			}
		],
		"payable": false,
		"stateMutability": "view",
		"type": "function"
	},
	{
		"constant": true,
		"inputs": [],
		"name": "symbol",
		"outputs": [
			{
				"name": "",
				"type": "string"
			}
		],
		"payable": false,
		"stateMutability": "view",
		"type": "function"
	},
	{
		"inputs": [
			{
				"name": "initialSupply",
				"type": "uint256"
			},
			{
				"name": "tokenName",
				"type": "string"
			},
			{
				"name": "tokenSymbol",
				"type": "string"
			}
		],
		"payable": false,
		"stateMutability": "nonpayable",
		"type": "constructor"
	},
	{
		"anonymous": false,
		"inputs": [
			{
				"indexed": false,
				"name": "_from",
				"type": "address"
			},
			{
				"indexed": false,
				"name": "_to",
				"type": "address"
			},
			{
				"indexed": false,
				"name": "value",
				"type": "uint256"
			}
		],
		"name": "Transfer",
		"type": "event"
	}
]